"TrackID","Device Id","Device Vendor","Device Model","Device Serial","Memo"
"","F7ZAS2","HP","ZS4568","R3211",""
"","F7ZAS3","HP","","R3212",""
"16897505801894161024","F7ZAS4","HP","ZS4570","R3213",""
"","F7ZAS5","","ZS4571","R3214",""
"","F7ZAS6","DELL","ZS4572","R3215",""
"","F7ZAS7","DELL","ZS4573","",""
"","F7ZAS8","DELL","ZS4574","R3217",""
"","F7ZAS9","DELL","","",""
"3062447746611948160","F7ZAS10","DELL","ZS4576","R3219",""
"aaaa","","","","",""
"asdasd","","","asdasd","",""
"","","","","",""
"asdasd","","","","",""